Método,Execução 1,Execução 2,Execução 3,Execução 4,Execução 5,Execução 6,Execução 7,Execução 8,Execução 9,Execução 10
Sequencial,248.16989799910516,235.63981000006606,236.69097700076236,233.32824600038293,254.60997200025304,308.0965780009137,281.0277799999312,252.55830500100274,231.97067100045388,231.64936800094438
Paralelo,151.0007239994593,141.29710899942438,143.9273489995685,142.95441200010828,145.36810999925365,149.80287900107214,143.7386300003709,142.12399099960749,142.55639799921482,171.40527800074778
Sequencial,698.3412810004666,709.8741400004656,568.494349001412,557.8241519997391,535.9869860003528,622.1274260005885,545.6052330009697,517.1190040000511,517.5456329998269,642.5113570003305
Paralelo,431.2144680006895,402.37601599983464,319.5817989999341,333.6647600008291,335.10032999947725,317.45311899976514,333.6080179997225,342.6004040011321,329.768151999815,326.245812999332
Sequencial,910.1526540016494,912.3887489986373,896.9451079992723,888.7926039988088,902.0604430006642,934.3118029992183,885.119130000021,871.0215769988281,888.5661490003258,873.1424690013228
Paralelo,532.8941779989691,550.1788879992091,540.1571510010399,598.2717650003906,522.6238039995224,616.329604999919,592.5498510005127,660.0104339995596,642.9005790014344,605.0107099999877
